event_id,phone_number,from_country_code,datacenter,song_id,timestamp
dc-france-EVT-1781819260-000000001,+33349385737,FR,dc-france,3,2026-06-18T21:47:40
dc-france-EVT-1781819260-000000002,+33789808596,FR,dc-france,3,2026-06-18T21:47:40
dc-france-EVT-1781819260-000000003,+33456380881,FR,dc-france,1,2026-06-18T21:47:40
dc-france-EVT-1781819260-000000004,+33543514650,FR,dc-france,3,2026-06-18T21:47:40
dc-france-EVT-1781819260-000000005,+33692908947,FR,dc-france,3,2026-06-18T21:47:40
dc-france-EVT-1781819260-000000006,+33790017111,FR,dc-france,1,2026-06-18T21:47:40
dc-france-EVT-1781819260-000000007,+33182387875,FR,dc-france,3,2026-06-18T21:47:40
dc-france-EVT-1781819260-000000008,+33112494152,FR,dc-france,3,2026-06-18T21:47:40
dc-france-EVT-1781819260-000000009,+33795666655,FR,dc-france,3,2026-06-18T21:47:40
dc-france-EVT-1781819260-000000010,+33105365036,FR,dc-france,3,2026-06-18T21:47:40
dc-france-EVT-1781819260-000000011,+33107256599,FR,dc-france,1,2026-06-18T21:47:40
dc-france-EVT-1781819260-000000012,+33910090900,FR,dc-france,3,2026-06-18T21:47:40
dc-france-EVT-1781819260-000000013,+33764715278,FR,dc-france,1,2026-06-18T21:47:40
dc-france-EVT-1781819260-000000014,+33769447578,FR,dc-france,3,2026-06-18T21:47:40
dc-france-EVT-1781819260-000000015,+33750191780,FR,dc-france,3,2026-06-18T21:47:40
dc-france-EVT-1781819260-000000016,+33206658268,FR,dc-france,3,2026-06-18T21:47:40
dc-sweden-EVT-1781819260-000000001,+46804950313,SE,dc-sweden,2,2026-06-18T21:47:40
dc-sweden-EVT-1781819260-000000002,+46889457860,SE,dc-sweden,3,2026-06-18T21:47:40
dc-sweden-EVT-1781819260-000000003,+46364869031,SE,dc-sweden,3,2026-06-18T21:47:40
dc-sweden-EVT-1781819260-000000004,+46672139504,SE,dc-sweden,2,2026-06-18T21:47:40
dc-sweden-EVT-1781819260-000000005,+46660269982,SE,dc-sweden,3,2026-06-18T21:47:40
dc-sweden-EVT-1781819260-000000006,+46211663880,SE,dc-sweden,3,2026-06-18T21:47:40
dc-sweden-EVT-1781819260-000000007,+46535368732,SE,dc-sweden,2,2026-06-18T21:47:40
dc-sweden-EVT-1781819260-000000008,+46276510704,SE,dc-sweden,3,2026-06-18T21:47:40
dc-sweden-EVT-1781819260-000000009,+46988672517,SE,dc-sweden,2,2026-06-18T21:47:40
dc-sweden-EVT-1781819260-000000010,+46848319230,SE,dc-sweden,3,2026-06-18T21:47:40
dc-sweden-EVT-1781819260-000000011,+46726511544,SE,dc-sweden,3,2026-06-18T21:47:40
dc-sweden-EVT-1781819260-000000012,+46383867041,SE,dc-sweden,3,2026-06-18T21:47:40
dc-sweden-EVT-1781819260-000000013,+46146998633,SE,dc-sweden,3,2026-06-18T21:47:40
dc-sweden-EVT-1781819260-000000014,+46539729521,SE,dc-sweden,2,2026-06-18T21:47:40
dc-sweden-EVT-1781819260-000000015,+46970628530,SE,dc-sweden,2,2026-06-18T21:47:40
dc-sweden-EVT-1781819260-000000016,+46474503158,SE,dc-sweden,2,2026-06-18T21:47:40
dc-sweden-EVT-1781819260-000000017,+46583821970,SE,dc-sweden,3,2026-06-18T21:47:40
dc-sweden-EVT-1781819260-000000018,+46624265540,SE,dc-sweden,3,2026-06-18T21:47:40
dc-italy-EVT-1781819260-000000001,+39286324213,IT,dc-italy,2,2026-06-18T21:47:40
dc-italy-EVT-1781819260-000000002,+39772700798,IT,dc-italy,2,2026-06-18T21:47:40
dc-italy-EVT-1781819260-000000003,+39591010409,IT,dc-italy,1,2026-06-18T21:47:40
dc-italy-EVT-1781819260-000000004,+39356108080,IT,dc-italy,2,2026-06-18T21:47:40
dc-italy-EVT-1781819260-000000005,+39441465402,IT,dc-italy,1,2026-06-18T21:47:40
dc-italy-EVT-1781819260-000000006,+39488727062,IT,dc-italy,1,2026-06-18T21:47:40
dc-italy-EVT-1781819260-000000007,+39277985617,IT,dc-italy,2,2026-06-18T21:47:40
dc-italy-EVT-1781819260-000000008,+39161998454,IT,dc-italy,2,2026-06-18T21:47:40
dc-italy-EVT-1781819260-000000009,+39640004489,IT,dc-italy,1,2026-06-18T21:47:40
dc-italy-EVT-1781819260-000000010,+39136131262,IT,dc-italy,2,2026-06-18T21:47:40
dc-italy-EVT-1781819260-000000011,+39212031471,IT,dc-italy,2,2026-06-18T21:47:40
dc-italy-EVT-1781819260-000000012,+39869625811,IT,dc-italy,1,2026-06-18T21:47:40
dc-italy-EVT-1781819260-000000013,+39299185627,IT,dc-italy,2,2026-06-18T21:47:40
dc-italy-EVT-1781819260-000000014,+39635751352,IT,dc-italy,2,2026-06-18T21:47:40
dc-italy-EVT-1781819260-000000015,+39517662969,IT,dc-italy,2,2026-06-18T21:47:40
dc-italy-EVT-1781819260-000000016,+39651032830,IT,dc-italy,2,2026-06-18T21:47:40
dc-italy-EVT-1781819260-000000017,+39389823227,IT,dc-italy,2,2026-06-18T21:47:40
dc-italy-EVT-1781819260-000000018,+39895365946,IT,dc-italy,2,2026-06-18T21:47:40
dc-italy-EVT-1781819260-000000019,+39249361519,IT,dc-italy,2,2026-06-18T21:47:40
dc-italy-EVT-1781819260-000000020,+39357995003,IT,dc-italy,1,2026-06-18T21:47:40
dc-italy-EVT-1781819260-000000021,+39114759511,IT,dc-italy,1,2026-06-18T21:47:40
dc-france-EVT-1781819261-000000017,+33245229419,FR,dc-france,3,2026-06-18T21:47:41
dc-france-EVT-1781819261-000000018,+33944731103,FR,dc-france,3,2026-06-18T21:47:41
dc-france-EVT-1781819261-000000019,+33371562790,FR,dc-france,3,2026-06-18T21:47:41
dc-france-EVT-1781819261-000000020,+33585780141,FR,dc-france,3,2026-06-18T21:47:41
dc-france-EVT-1781819261-000000021,+33452595773,FR,dc-france,3,2026-06-18T21:47:41
dc-france-EVT-1781819261-000000022,+33601135127,FR,dc-france,3,2026-06-18T21:47:41
dc-france-EVT-1781819261-000000023,+33875517072,FR,dc-france,3,2026-06-18T21:47:41
dc-france-EVT-1781819261-000000024,+33525387377,FR,dc-france,1,2026-06-18T21:47:41
dc-france-EVT-1781819261-000000025,+33675904699,FR,dc-france,3,2026-06-18T21:47:41
dc-france-EVT-1781819261-000000026,+33877067989,FR,dc-france,3,2026-06-18T21:47:41
dc-france-EVT-1781819261-000000027,+33985278879,FR,dc-france,3,2026-06-18T21:47:41
dc-france-EVT-1781819261-000000028,+33608532588,FR,dc-france,1,2026-06-18T21:47:41
dc-sweden-EVT-1781819261-000000019,+46827886577,SE,dc-sweden,3,2026-06-18T21:47:41
dc-sweden-EVT-1781819261-000000020,+46251223877,SE,dc-sweden,3,2026-06-18T21:47:41
dc-sweden-EVT-1781819261-000000021,+46328905167,SE,dc-sweden,2,2026-06-18T21:47:41
dc-sweden-EVT-1781819261-000000022,+46150270074,SE,dc-sweden,3,2026-06-18T21:47:41
dc-sweden-EVT-1781819261-000000023,+46872610993,SE,dc-sweden,3,2026-06-18T21:47:41
dc-sweden-EVT-1781819261-000000024,+46558654635,SE,dc-sweden,3,2026-06-18T21:47:41
dc-sweden-EVT-1781819261-000000025,+46618849160,SE,dc-sweden,3,2026-06-18T21:47:41
dc-sweden-EVT-1781819261-000000026,+46429985511,SE,dc-sweden,2,2026-06-18T21:47:41
dc-sweden-EVT-1781819261-000000027,+46631716346,SE,dc-sweden,2,2026-06-18T21:47:41
dc-sweden-EVT-1781819261-000000028,+46934713548,SE,dc-sweden,2,2026-06-18T21:47:41
dc-sweden-EVT-1781819261-000000029,+46669910937,SE,dc-sweden,3,2026-06-18T21:47:41
dc-sweden-EVT-1781819261-000000030,+46777858409,SE,dc-sweden,2,2026-06-18T21:47:41
dc-sweden-EVT-1781819261-000000031,+46640107649,SE,dc-sweden,3,2026-06-18T21:47:41
dc-sweden-EVT-1781819261-000000032,+46925586518,SE,dc-sweden,3,2026-06-18T21:47:41
dc-sweden-EVT-1781819261-000000033,+46368939787,SE,dc-sweden,2,2026-06-18T21:47:41
dc-sweden-EVT-1781819261-000000034,+46369032333,SE,dc-sweden,2,2026-06-18T21:47:41
dc-sweden-EVT-1781819261-000000035,+46693738659,SE,dc-sweden,3,2026-06-18T21:47:41
dc-sweden-EVT-1781819261-000000036,+46275399005,SE,dc-sweden,2,2026-06-18T21:47:41
dc-sweden-EVT-1781819261-000000037,+46322441364,SE,dc-sweden,3,2026-06-18T21:47:41
dc-sweden-EVT-1781819261-000000038,+46486417263,SE,dc-sweden,2,2026-06-18T21:47:41
dc-sweden-EVT-1781819261-000000039,+46697364015,SE,dc-sweden,2,2026-06-18T21:47:41
dc-sweden-EVT-1781819261-000000040,+46807549522,SE,dc-sweden,2,2026-06-18T21:47:41
dc-sweden-EVT-1781819261-000000041,+46715102428,SE,dc-sweden,2,2026-06-18T21:47:41
dc-italy-EVT-1781819261-000000022,+39184426187,IT,dc-italy,2,2026-06-18T21:47:41
dc-italy-EVT-1781819261-000000023,+39832182254,IT,dc-italy,2,2026-06-18T21:47:41
dc-italy-EVT-1781819261-000000024,+39913246889,IT,dc-italy,1,2026-06-18T21:47:41
dc-italy-EVT-1781819261-000000025,+39328424760,IT,dc-italy,2,2026-06-18T21:47:41
dc-italy-EVT-1781819261-000000026,+39193972789,IT,dc-italy,2,2026-06-18T21:47:41
dc-italy-EVT-1781819261-000000027,+39585474570,IT,dc-italy,2,2026-06-18T21:47:41
dc-italy-EVT-1781819261-000000028,+39203899153,IT,dc-italy,2,2026-06-18T21:47:41
dc-italy-EVT-1781819261-000000029,+39456028941,IT,dc-italy,1,2026-06-18T21:47:41
dc-italy-EVT-1781819261-000000030,+39429136978,IT,dc-italy,2,2026-06-18T21:47:41
dc-italy-EVT-1781819261-000000031,+39806322564,IT,dc-italy,1,2026-06-18T21:47:41
dc-italy-EVT-1781819261-000000032,+39351080479,IT,dc-italy,1,2026-06-18T21:47:41
dc-italy-EVT-1781819261-000000033,+39732821922,IT,dc-italy,1,2026-06-18T21:47:41
dc-italy-EVT-1781819261-000000034,+39650886634,IT,dc-italy,2,2026-06-18T21:47:41
dc-italy-EVT-1781819261-000000035,+39325245700,IT,dc-italy,1,2026-06-18T21:47:41
dc-italy-EVT-1781819261-000000036,+39913239956,IT,dc-italy,2,2026-06-18T21:47:41
dc-italy-EVT-1781819261-000000037,+39737778165,IT,dc-italy,2,2026-06-18T21:47:41
dc-italy-EVT-1781819261-000000038,+39441038379,IT,dc-italy,2,2026-06-18T21:47:41
dc-italy-EVT-1781819261-000000039,+39793277821,IT,dc-italy,1,2026-06-18T21:47:41
dc-italy-EVT-1781819261-000000040,+39164378284,IT,dc-italy,1,2026-06-18T21:47:41
dc-italy-EVT-1781819261-000000041,+39481589939,IT,dc-italy,1,2026-06-18T21:47:41
dc-france-EVT-1781819262-000000029,+33148630732,FR,dc-france,3,2026-06-18T21:47:42
dc-france-EVT-1781819262-000000030,+33651649973,FR,dc-france,1,2026-06-18T21:47:42
dc-france-EVT-1781819262-000000031,+33772962384,FR,dc-france,3,2026-06-18T21:47:42
dc-france-EVT-1781819262-000000032,+33849117464,FR,dc-france,3,2026-06-18T21:47:42
dc-france-EVT-1781819262-000000033,+33744356240,FR,dc-france,3,2026-06-18T21:47:42
dc-france-EVT-1781819262-000000034,+33755529278,FR,dc-france,1,2026-06-18T21:47:42
dc-france-EVT-1781819262-000000035,+33234104254,FR,dc-france,1,2026-06-18T21:47:42
dc-france-EVT-1781819262-000000036,+33173275525,FR,dc-france,1,2026-06-18T21:47:42
dc-france-EVT-1781819262-000000037,+33981095168,FR,dc-france,3,2026-06-18T21:47:42
dc-france-EVT-1781819262-000000038,+33646358425,FR,dc-france,3,2026-06-18T21:47:42
dc-france-EVT-1781819262-000000039,+33488560084,FR,dc-france,3,2026-06-18T21:47:42
dc-france-EVT-1781819262-000000040,+33228862494,FR,dc-france,1,2026-06-18T21:47:42
dc-france-EVT-1781819262-000000041,+33403276797,FR,dc-france,1,2026-06-18T21:47:42
dc-france-EVT-1781819262-000000042,+33136263977,FR,dc-france,3,2026-06-18T21:47:42
dc-france-EVT-1781819262-000000043,+33781525884,FR,dc-france,3,2026-06-18T21:47:42
dc-france-EVT-1781819262-000000044,+33876311660,FR,dc-france,1,2026-06-18T21:47:42
dc-sweden-EVT-1781819262-000000042,+46686007501,SE,dc-sweden,2,2026-06-18T21:47:42
dc-sweden-EVT-1781819262-000000043,+46693922086,SE,dc-sweden,3,2026-06-18T21:47:42
dc-sweden-EVT-1781819262-000000044,+46580363424,SE,dc-sweden,3,2026-06-18T21:47:42
dc-sweden-EVT-1781819262-000000045,+46524140322,SE,dc-sweden,2,2026-06-18T21:47:42
dc-sweden-EVT-1781819262-000000046,+46575020816,SE,dc-sweden,3,2026-06-18T21:47:42
dc-sweden-EVT-1781819262-000000047,+46979955135,SE,dc-sweden,3,2026-06-18T21:47:42
dc-sweden-EVT-1781819262-000000048,+46872333576,SE,dc-sweden,3,2026-06-18T21:47:42
dc-sweden-EVT-1781819262-000000049,+46684348819,SE,dc-sweden,2,2026-06-18T21:47:42
dc-sweden-EVT-1781819262-000000050,+46102113952,SE,dc-sweden,3,2026-06-18T21:47:42
dc-sweden-EVT-1781819262-000000051,+46150094799,SE,dc-sweden,2,2026-06-18T21:47:42
dc-sweden-EVT-1781819262-000000052,+46672626418,SE,dc-sweden,2,2026-06-18T21:47:42
dc-sweden-EVT-1781819262-000000053,+46839790185,SE,dc-sweden,2,2026-06-18T21:47:42
dc-sweden-EVT-1781819262-000000054,+46217146443,SE,dc-sweden,3,2026-06-18T21:47:42
dc-sweden-EVT-1781819262-000000055,+46154988479,SE,dc-sweden,2,2026-06-18T21:47:42
dc-sweden-EVT-1781819262-000000056,+46156197732,SE,dc-sweden,2,2026-06-18T21:47:42
dc-sweden-EVT-1781819262-000000057,+46511950720,SE,dc-sweden,2,2026-06-18T21:47:42
dc-sweden-EVT-1781819262-000000058,+46379844106,SE,dc-sweden,3,2026-06-18T21:47:42
dc-sweden-EVT-1781819262-000000059,+46536934793,SE,dc-sweden,3,2026-06-18T21:47:42
dc-sweden-EVT-1781819262-000000060,+46711605028,SE,dc-sweden,2,2026-06-18T21:47:42
dc-italy-EVT-1781819262-000000042,+39409023249,IT,dc-italy,2,2026-06-18T21:47:42
dc-italy-EVT-1781819262-000000043,+39176176172,IT,dc-italy,2,2026-06-18T21:47:42
dc-italy-EVT-1781819262-000000044,+39610186366,IT,dc-italy,1,2026-06-18T21:47:42
dc-italy-EVT-1781819262-000000045,+39847908131,IT,dc-italy,2,2026-06-18T21:47:42
dc-italy-EVT-1781819262-000000046,+39680624139,IT,dc-italy,2,2026-06-18T21:47:42
dc-italy-EVT-1781819262-000000047,+39954613513,IT,dc-italy,2,2026-06-18T21:47:42
dc-italy-EVT-1781819262-000000048,+39628637018,IT,dc-italy,2,2026-06-18T21:47:42
dc-italy-EVT-1781819262-000000049,+39519923393,IT,dc-italy,2,2026-06-18T21:47:42
dc-italy-EVT-1781819262-000000050,+39654359879,IT,dc-italy,1,2026-06-18T21:47:42
dc-italy-EVT-1781819262-000000051,+39635006792,IT,dc-italy,2,2026-06-18T21:47:42
dc-italy-EVT-1781819262-000000052,+39770180334,IT,dc-italy,1,2026-06-18T21:47:42
dc-italy-EVT-1781819262-000000053,+39913643670,IT,dc-italy,2,2026-06-18T21:47:42
dc-italy-EVT-1781819262-000000054,+39395258983,IT,dc-italy,1,2026-06-18T21:47:42
dc-italy-EVT-1781819262-000000055,+39383481147,IT,dc-italy,2,2026-06-18T21:47:42
dc-italy-EVT-1781819262-000000056,+39427343946,IT,dc-italy,2,2026-06-18T21:47:42
dc-italy-EVT-1781819262-000000057,+39165319658,IT,dc-italy,2,2026-06-18T21:47:42
dc-france-EVT-1781819263-000000045,+33191287074,FR,dc-france,3,2026-06-18T21:47:43
dc-france-EVT-1781819263-000000046,+33920543888,FR,dc-france,3,2026-06-18T21:47:43
dc-france-EVT-1781819263-000000047,+33583981852,FR,dc-france,3,2026-06-18T21:47:43
dc-france-EVT-1781819263-000000048,+33639470026,FR,dc-france,3,2026-06-18T21:47:43
dc-france-EVT-1781819263-000000049,+33558941177,FR,dc-france,3,2026-06-18T21:47:43
dc-france-EVT-1781819263-000000050,+33188168908,FR,dc-france,3,2026-06-18T21:47:43
dc-france-EVT-1781819263-000000051,+33969375860,FR,dc-france,3,2026-06-18T21:47:43
dc-france-EVT-1781819263-000000052,+33960350052,FR,dc-france,3,2026-06-18T21:47:43
dc-france-EVT-1781819263-000000053,+33931420718,FR,dc-france,3,2026-06-18T21:47:43
dc-france-EVT-1781819263-000000054,+33311067892,FR,dc-france,3,2026-06-18T21:47:43
dc-france-EVT-1781819263-000000055,+33651999989,FR,dc-france,3,2026-06-18T21:47:43
dc-france-EVT-1781819263-000000056,+33278737845,FR,dc-france,3,2026-06-18T21:47:43
dc-france-EVT-1781819263-000000057,+33424266950,FR,dc-france,3,2026-06-18T21:47:43
dc-france-EVT-1781819263-000000058,+33859024418,FR,dc-france,1,2026-06-18T21:47:43
dc-france-EVT-1781819263-000000059,+33664451757,FR,dc-france,3,2026-06-18T21:47:43
dc-france-EVT-1781819263-000000060,+33363118744,FR,dc-france,3,2026-06-18T21:47:43
dc-france-EVT-1781819263-000000061,+33974159773,FR,dc-france,1,2026-06-18T21:47:43
dc-france-EVT-1781819263-000000062,+33225644219,FR,dc-france,3,2026-06-18T21:47:43
dc-france-EVT-1781819263-000000063,+33650832512,FR,dc-france,3,2026-06-18T21:47:43
dc-france-EVT-1781819263-000000064,+33201897770,FR,dc-france,3,2026-06-18T21:47:43
dc-france-EVT-1781819263-000000065,+33111166471,FR,dc-france,1,2026-06-18T21:47:43
dc-france-EVT-1781819263-000000066,+33908839750,FR,dc-france,1,2026-06-18T21:47:43
dc-france-EVT-1781819263-000000067,+33573178552,FR,dc-france,1,2026-06-18T21:47:43
dc-france-EVT-1781819263-000000068,+33784583434,FR,dc-france,3,2026-06-18T21:47:43
dc-france-EVT-1781819263-000000069,+33728176573,FR,dc-france,1,2026-06-18T21:47:43
dc-sweden-EVT-1781819263-000000061,+46872227584,SE,dc-sweden,3,2026-06-18T21:47:43
dc-sweden-EVT-1781819263-000000062,+46855105779,SE,dc-sweden,3,2026-06-18T21:47:43
dc-sweden-EVT-1781819263-000000063,+46878282394,SE,dc-sweden,3,2026-06-18T21:47:43
dc-sweden-EVT-1781819263-000000064,+46986148514,SE,dc-sweden,2,2026-06-18T21:47:43
dc-sweden-EVT-1781819263-000000065,+46807330273,SE,dc-sweden,3,2026-06-18T21:47:43
dc-sweden-EVT-1781819263-000000066,+46134515059,SE,dc-sweden,2,2026-06-18T21:47:43
dc-sweden-EVT-1781819263-000000067,+46396235174,SE,dc-sweden,3,2026-06-18T21:47:43
dc-sweden-EVT-1781819263-000000068,+46439101547,SE,dc-sweden,2,2026-06-18T21:47:43
dc-sweden-EVT-1781819263-000000069,+46525861745,SE,dc-sweden,3,2026-06-18T21:47:43
dc-sweden-EVT-1781819263-000000070,+46318459426,SE,dc-sweden,2,2026-06-18T21:47:43
dc-sweden-EVT-1781819263-000000071,+46413878792,SE,dc-sweden,3,2026-06-18T21:47:43
dc-sweden-EVT-1781819263-000000072,+46273409712,SE,dc-sweden,2,2026-06-18T21:47:43
dc-sweden-EVT-1781819263-000000073,+46327158733,SE,dc-sweden,3,2026-06-18T21:47:43
dc-sweden-EVT-1781819263-000000074,+46191695682,SE,dc-sweden,2,2026-06-18T21:47:43
dc-italy-EVT-1781819263-000000058,+39178435525,IT,dc-italy,2,2026-06-18T21:47:43
dc-italy-EVT-1781819263-000000059,+39269506121,IT,dc-italy,2,2026-06-18T21:47:43
dc-italy-EVT-1781819263-000000060,+39195754264,IT,dc-italy,2,2026-06-18T21:47:43
dc-italy-EVT-1781819263-000000061,+39197207759,IT,dc-italy,2,2026-06-18T21:47:43
dc-italy-EVT-1781819263-000000062,+39938488636,IT,dc-italy,1,2026-06-18T21:47:43
dc-italy-EVT-1781819263-000000063,+39326006739,IT,dc-italy,2,2026-06-18T21:47:43
dc-italy-EVT-1781819263-000000064,+39698025863,IT,dc-italy,2,2026-06-18T21:47:43
dc-italy-EVT-1781819263-000000065,+39957822042,IT,dc-italy,1,2026-06-18T21:47:43
dc-italy-EVT-1781819263-000000066,+39491724292,IT,dc-italy,2,2026-06-18T21:47:43
dc-italy-EVT-1781819263-000000067,+39461372914,IT,dc-italy,1,2026-06-18T21:47:43
dc-italy-EVT-1781819263-000000068,+39474921543,IT,dc-italy,2,2026-06-18T21:47:43
dc-italy-EVT-1781819263-000000069,+39670002255,IT,dc-italy,2,2026-06-18T21:47:43
dc-italy-EVT-1781819263-000000070,+39427971138,IT,dc-italy,2,2026-06-18T21:47:43
dc-italy-EVT-1781819263-000000071,+39827538239,IT,dc-italy,1,2026-06-18T21:47:43
dc-italy-EVT-1781819263-000000072,+39148493376,IT,dc-italy,2,2026-06-18T21:47:43
dc-italy-EVT-1781819263-000000073,+39690786023,IT,dc-italy,1,2026-06-18T21:47:43
dc-italy-EVT-1781819263-000000074,+39845631876,IT,dc-italy,2,2026-06-18T21:47:43
dc-italy-EVT-1781819263-000000075,+39194958770,IT,dc-italy,1,2026-06-18T21:47:43
dc-italy-EVT-1781819263-000000076,+39450578450,IT,dc-italy,2,2026-06-18T21:47:43
dc-italy-EVT-1781819263-000000077,+39153422415,IT,dc-italy,2,2026-06-18T21:47:43
dc-italy-EVT-1781819263-000000078,+39717145188,IT,dc-italy,1,2026-06-18T21:47:43
dc-italy-EVT-1781819263-000000079,+39811489387,IT,dc-italy,2,2026-06-18T21:47:43
dc-italy-EVT-1781819263-000000080,+39131299443,IT,dc-italy,2,2026-06-18T21:47:43
dc-france-EVT-1781819264-000000070,+33157390866,FR,dc-france,3,2026-06-18T21:47:44
dc-france-EVT-1781819264-000000071,+33441125998,FR,dc-france,3,2026-06-18T21:47:44
dc-france-EVT-1781819264-000000072,+33524818627,FR,dc-france,3,2026-06-18T21:47:44
dc-france-EVT-1781819264-000000073,+33498368095,FR,dc-france,3,2026-06-18T21:47:44
dc-france-EVT-1781819264-000000074,+33311858281,FR,dc-france,3,2026-06-18T21:47:44
dc-france-EVT-1781819264-000000075,+33977988155,FR,dc-france,3,2026-06-18T21:47:44
dc-france-EVT-1781819264-000000076,+33910067320,FR,dc-france,3,2026-06-18T21:47:44
dc-france-EVT-1781819264-000000077,+33705885057,FR,dc-france,1,2026-06-18T21:47:44
dc-france-EVT-1781819264-000000078,+33304357327,FR,dc-france,1,2026-06-18T21:47:44
dc-france-EVT-1781819264-000000079,+33250310527,FR,dc-france,1,2026-06-18T21:47:44
dc-france-EVT-1781819264-000000080,+33318660469,FR,dc-france,3,2026-06-18T21:47:44
dc-france-EVT-1781819264-000000081,+33866267154,FR,dc-france,3,2026-06-18T21:47:44
dc-france-EVT-1781819264-000000082,+33543721386,FR,dc-france,3,2026-06-18T21:47:44
dc-france-EVT-1781819264-000000083,+33132660650,FR,dc-france,1,2026-06-18T21:47:44
dc-france-EVT-1781819264-000000084,+33850698135,FR,dc-france,3,2026-06-18T21:47:44
dc-france-EVT-1781819264-000000085,+33194556383,FR,dc-france,3,2026-06-18T21:47:44
dc-france-EVT-1781819264-000000086,+33542941535,FR,dc-france,3,2026-06-18T21:47:44
dc-france-EVT-1781819264-000000087,+33449023808,FR,dc-france,3,2026-06-18T21:47:44
dc-france-EVT-1781819264-000000088,+33817250094,FR,dc-france,3,2026-06-18T21:47:44
dc-france-EVT-1781819264-000000089,+33562294427,FR,dc-france,3,2026-06-18T21:47:44
dc-france-EVT-1781819264-000000090,+33161247445,FR,dc-france,1,2026-06-18T21:47:44
dc-france-EVT-1781819264-000000091,+33948347183,FR,dc-france,3,2026-06-18T21:47:44
dc-france-EVT-1781819264-000000092,+33380353610,FR,dc-france,3,2026-06-18T21:47:44
dc-france-EVT-1781819264-000000093,+33116355858,FR,dc-france,3,2026-06-18T21:47:44
dc-france-EVT-1781819264-000000094,+33260170715,FR,dc-france,1,2026-06-18T21:47:44
dc-france-EVT-1781819264-000000095,+33123354380,FR,dc-france,3,2026-06-18T21:47:44
dc-france-EVT-1781819264-000000096,+33925124902,FR,dc-france,3,2026-06-18T21:47:44
dc-france-EVT-1781819264-000000097,+33266245653,FR,dc-france,3,2026-06-18T21:47:44
dc-france-EVT-1781819264-000000098,+33661708132,FR,dc-france,3,2026-06-18T21:47:44
dc-france-EVT-1781819264-000000099,+33498003595,FR,dc-france,3,2026-06-18T21:47:44
dc-sweden-EVT-1781819264-000000075,+46529039253,SE,dc-sweden,3,2026-06-18T21:47:44
dc-sweden-EVT-1781819264-000000076,+46392047011,SE,dc-sweden,3,2026-06-18T21:47:44
dc-sweden-EVT-1781819264-000000077,+46544264982,SE,dc-sweden,3,2026-06-18T21:47:44
dc-sweden-EVT-1781819264-000000078,+46180159208,SE,dc-sweden,3,2026-06-18T21:47:44
dc-sweden-EVT-1781819264-000000079,+46484181975,SE,dc-sweden,3,2026-06-18T21:47:44
dc-sweden-EVT-1781819264-000000080,+46690358118,SE,dc-sweden,3,2026-06-18T21:47:44
dc-sweden-EVT-1781819264-000000081,+46615782984,SE,dc-sweden,3,2026-06-18T21:47:44
dc-sweden-EVT-1781819264-000000082,+46772828348,SE,dc-sweden,2,2026-06-18T21:47:44
dc-sweden-EVT-1781819264-000000083,+46564715587,SE,dc-sweden,3,2026-06-18T21:47:44
dc-sweden-EVT-1781819264-000000084,+46714543317,SE,dc-sweden,3,2026-06-18T21:47:44
dc-sweden-EVT-1781819264-000000085,+46710995311,SE,dc-sweden,3,2026-06-18T21:47:44
dc-sweden-EVT-1781819264-000000086,+46964001518,SE,dc-sweden,3,2026-06-18T21:47:44
dc-sweden-EVT-1781819264-000000087,+46737050548,SE,dc-sweden,2,2026-06-18T21:47:44
dc-sweden-EVT-1781819264-000000088,+46680817725,SE,dc-sweden,3,2026-06-18T21:47:44
dc-sweden-EVT-1781819264-000000089,+46850295948,SE,dc-sweden,2,2026-06-18T21:47:44
dc-sweden-EVT-1781819264-000000090,+46359277385,SE,dc-sweden,2,2026-06-18T21:47:44
dc-sweden-EVT-1781819264-000000091,+46838597877,SE,dc-sweden,2,2026-06-18T21:47:44
dc-sweden-EVT-1781819264-000000092,+46651755150,SE,dc-sweden,3,2026-06-18T21:47:44
dc-sweden-EVT-1781819264-000000093,+46607487426,SE,dc-sweden,3,2026-06-18T21:47:44
dc-sweden-EVT-1781819264-000000094,+46532239882,SE,dc-sweden,3,2026-06-18T21:47:44
dc-sweden-EVT-1781819264-000000095,+46989446754,SE,dc-sweden,2,2026-06-18T21:47:44
dc-sweden-EVT-1781819264-000000096,+46195200098,SE,dc-sweden,2,2026-06-18T21:47:44
dc-sweden-EVT-1781819264-000000097,+46885570915,SE,dc-sweden,3,2026-06-18T21:47:44
dc-sweden-EVT-1781819264-000000098,+46937913959,SE,dc-sweden,3,2026-06-18T21:47:44
dc-sweden-EVT-1781819264-000000099,+46435045718,SE,dc-sweden,2,2026-06-18T21:47:44
dc-sweden-EVT-1781819264-000000100,+46864370591,SE,dc-sweden,3,2026-06-18T21:47:44
dc-italy-EVT-1781819264-000000081,+39867441175,IT,dc-italy,2,2026-06-18T21:47:44
dc-italy-EVT-1781819264-000000082,+39226508100,IT,dc-italy,2,2026-06-18T21:47:44
dc-italy-EVT-1781819264-000000083,+39507781905,IT,dc-italy,2,2026-06-18T21:47:44
dc-italy-EVT-1781819264-000000084,+39220168420,IT,dc-italy,2,2026-06-18T21:47:44
dc-italy-EVT-1781819264-000000085,+39414936316,IT,dc-italy,2,2026-06-18T21:47:44
dc-italy-EVT-1781819264-000000086,+39647433971,IT,dc-italy,1,2026-06-18T21:47:44
dc-italy-EVT-1781819264-000000087,+39243429655,IT,dc-italy,1,2026-06-18T21:47:44
dc-italy-EVT-1781819264-000000088,+39236964601,IT,dc-italy,1,2026-06-18T21:47:44
dc-italy-EVT-1781819264-000000089,+39529897981,IT,dc-italy,2,2026-06-18T21:47:44
dc-italy-EVT-1781819264-000000090,+39961350728,IT,dc-italy,2,2026-06-18T21:47:44
dc-italy-EVT-1781819264-000000091,+39479540858,IT,dc-italy,2,2026-06-18T21:47:44
dc-italy-EVT-1781819264-000000092,+39527459434,IT,dc-italy,1,2026-06-18T21:47:44
dc-italy-EVT-1781819264-000000093,+39543844128,IT,dc-italy,2,2026-06-18T21:47:44
dc-italy-EVT-1781819264-000000094,+39808850461,IT,dc-italy,2,2026-06-18T21:47:44
dc-italy-EVT-1781819264-000000095,+39949010363,IT,dc-italy,2,2026-06-18T21:47:44
dc-italy-EVT-1781819264-000000096,+39280968442,IT,dc-italy,2,2026-06-18T21:47:44
dc-italy-EVT-1781819264-000000097,+39160414105,IT,dc-italy,2,2026-06-18T21:47:44
dc-italy-EVT-1781819264-000000098,+39765765505,IT,dc-italy,2,2026-06-18T21:47:44
dc-italy-EVT-1781819264-000000099,+39686678425,IT,dc-italy,2,2026-06-18T21:47:44
dc-italy-EVT-1781819264-000000100,+39976365954,IT,dc-italy,2,2026-06-18T21:47:44
dc-italy-EVT-1781819264-000000101,+39621821706,IT,dc-italy,1,2026-06-18T21:47:44
dc-italy-EVT-1781819264-000000102,+39985511197,IT,dc-italy,2,2026-06-18T21:47:44
dc-italy-EVT-1781819264-000000103,+39452887350,IT,dc-italy,2,2026-06-18T21:47:44
dc-italy-EVT-1781819264-000000104,+39906457888,IT,dc-italy,2,2026-06-18T21:47:44
dc-italy-EVT-1781819264-000000105,+39604846069,IT,dc-italy,1,2026-06-18T21:47:44
dc-italy-EVT-1781819264-000000106,+39865793843,IT,dc-italy,2,2026-06-18T21:47:44
dc-italy-EVT-1781819264-000000107,+39168283580,IT,dc-italy,2,2026-06-18T21:47:44
dc-italy-EVT-1781819264-000000108,+39141318397,IT,dc-italy,2,2026-06-18T21:47:44
dc-italy-EVT-1781819264-000000109,+39785594837,IT,dc-italy,1,2026-06-18T21:47:44
dc-france-EVT-1781819265-000000100,+33661337269,FR,dc-france,3,2026-06-18T21:47:45
dc-france-EVT-1781819265-000000101,+33425502819,FR,dc-france,3,2026-06-18T21:47:45
dc-france-EVT-1781819265-000000102,+33615891219,FR,dc-france,3,2026-06-18T21:47:45
dc-france-EVT-1781819265-000000103,+33466837965,FR,dc-france,3,2026-06-18T21:47:45
dc-france-EVT-1781819265-000000104,+33448312364,FR,dc-france,1,2026-06-18T21:47:45
dc-france-EVT-1781819265-000000105,+33410149529,FR,dc-france,1,2026-06-18T21:47:45
dc-france-EVT-1781819265-000000106,+33656642933,FR,dc-france,3,2026-06-18T21:47:45
dc-france-EVT-1781819265-000000107,+33616366679,FR,dc-france,3,2026-06-18T21:47:45
dc-france-EVT-1781819265-000000108,+33783041846,FR,dc-france,3,2026-06-18T21:47:45
dc-france-EVT-1781819265-000000109,+33674760044,FR,dc-france,3,2026-06-18T21:47:45
dc-france-EVT-1781819265-000000110,+33621039226,FR,dc-france,3,2026-06-18T21:47:45
dc-france-EVT-1781819265-000000111,+33351725720,FR,dc-france,3,2026-06-18T21:47:45
dc-france-EVT-1781819265-000000112,+33975192559,FR,dc-france,3,2026-06-18T21:47:45
dc-france-EVT-1781819265-000000113,+33277228703,FR,dc-france,1,2026-06-18T21:47:45
dc-france-EVT-1781819265-000000114,+33978743378,FR,dc-france,3,2026-06-18T21:47:45
dc-france-EVT-1781819265-000000115,+33801143170,FR,dc-france,3,2026-06-18T21:47:45
dc-france-EVT-1781819265-000000116,+33578633742,FR,dc-france,3,2026-06-18T21:47:45
dc-france-EVT-1781819265-000000117,+33993987276,FR,dc-france,3,2026-06-18T21:47:45
dc-france-EVT-1781819265-000000118,+33992377404,FR,dc-france,3,2026-06-18T21:47:45
dc-france-EVT-1781819265-000000119,+33981230838,FR,dc-france,3,2026-06-18T21:47:45
dc-france-EVT-1781819265-000000120,+33308731276,FR,dc-france,3,2026-06-18T21:47:45
dc-france-EVT-1781819265-000000121,+33401360554,FR,dc-france,3,2026-06-18T21:47:45
dc-france-EVT-1781819265-000000122,+33626573875,FR,dc-france,1,2026-06-18T21:47:45
dc-france-EVT-1781819265-000000123,+33672595492,FR,dc-france,3,2026-06-18T21:47:45
dc-france-EVT-1781819265-000000124,+33981492581,FR,dc-france,3,2026-06-18T21:47:45
dc-france-EVT-1781819265-000000125,+33343435476,FR,dc-france,3,2026-06-18T21:47:45
dc-france-EVT-1781819265-000000126,+33621598882,FR,dc-france,1,2026-06-18T21:47:45
dc-sweden-EVT-1781819265-000000101,+46175354578,SE,dc-sweden,3,2026-06-18T21:47:45
dc-sweden-EVT-1781819265-000000102,+46442021755,SE,dc-sweden,2,2026-06-18T21:47:45
dc-sweden-EVT-1781819265-000000103,+46130755749,SE,dc-sweden,2,2026-06-18T21:47:45
dc-sweden-EVT-1781819265-000000104,+46214873523,SE,dc-sweden,2,2026-06-18T21:47:45
dc-sweden-EVT-1781819265-000000105,+46795819988,SE,dc-sweden,3,2026-06-18T21:47:45
dc-sweden-EVT-1781819265-000000106,+46597780562,SE,dc-sweden,2,2026-06-18T21:47:45
dc-sweden-EVT-1781819265-000000107,+46553028554,SE,dc-sweden,2,2026-06-18T21:47:45
dc-sweden-EVT-1781819265-000000108,+46420952695,SE,dc-sweden,2,2026-06-18T21:47:45
dc-sweden-EVT-1781819265-000000109,+46582566329,SE,dc-sweden,3,2026-06-18T21:47:45
dc-sweden-EVT-1781819265-000000110,+46986428213,SE,dc-sweden,2,2026-06-18T21:47:45
dc-sweden-EVT-1781819265-000000111,+46687606746,SE,dc-sweden,2,2026-06-18T21:47:45
dc-sweden-EVT-1781819265-000000112,+46748637405,SE,dc-sweden,2,2026-06-18T21:47:45
dc-sweden-EVT-1781819265-000000113,+46411862045,SE,dc-sweden,3,2026-06-18T21:47:45
dc-sweden-EVT-1781819265-000000114,+46735964228,SE,dc-sweden,3,2026-06-18T21:47:45
dc-sweden-EVT-1781819265-000000115,+46433607859,SE,dc-sweden,2,2026-06-18T21:47:45
dc-sweden-EVT-1781819265-000000116,+46803734245,SE,dc-sweden,3,2026-06-18T21:47:45
dc-sweden-EVT-1781819265-000000117,+46241439621,SE,dc-sweden,3,2026-06-18T21:47:45
dc-sweden-EVT-1781819265-000000118,+46560916772,SE,dc-sweden,3,2026-06-18T21:47:45
dc-sweden-EVT-1781819265-000000119,+46725950220,SE,dc-sweden,3,2026-06-18T21:47:45
dc-sweden-EVT-1781819265-000000120,+46488477517,SE,dc-sweden,3,2026-06-18T21:47:45
dc-sweden-EVT-1781819265-000000121,+46651574357,SE,dc-sweden,3,2026-06-18T21:47:45
dc-sweden-EVT-1781819265-000000122,+46708187485,SE,dc-sweden,2,2026-06-18T21:47:45
dc-sweden-EVT-1781819265-000000123,+46203409872,SE,dc-sweden,2,2026-06-18T21:47:45
dc-sweden-EVT-1781819265-000000124,+46883419464,SE,dc-sweden,2,2026-06-18T21:47:45
dc-sweden-EVT-1781819265-000000125,+46977345939,SE,dc-sweden,3,2026-06-18T21:47:45
dc-italy-EVT-1781819265-000000110,+39606222938,IT,dc-italy,1,2026-06-18T21:47:45
dc-italy-EVT-1781819265-000000111,+39856775295,IT,dc-italy,1,2026-06-18T21:47:45
dc-italy-EVT-1781819265-000000112,+39262813773,IT,dc-italy,2,2026-06-18T21:47:45
dc-italy-EVT-1781819265-000000113,+39705643730,IT,dc-italy,2,2026-06-18T21:47:45
dc-italy-EVT-1781819265-000000114,+39303568567,IT,dc-italy,2,2026-06-18T21:47:45
dc-italy-EVT-1781819265-000000115,+39359789194,IT,dc-italy,2,2026-06-18T21:47:45
dc-italy-EVT-1781819265-000000116,+39773281402,IT,dc-italy,1,2026-06-18T21:47:45
dc-italy-EVT-1781819265-000000117,+39896082848,IT,dc-italy,2,2026-06-18T21:47:45
dc-italy-EVT-1781819265-000000118,+39247366608,IT,dc-italy,2,2026-06-18T21:47:45
dc-italy-EVT-1781819265-000000119,+39287101831,IT,dc-italy,2,2026-06-18T21:47:45
dc-italy-EVT-1781819265-000000120,+39476542396,IT,dc-italy,2,2026-06-18T21:47:45
dc-italy-EVT-1781819265-000000121,+39491664518,IT,dc-italy,1,2026-06-18T21:47:45
dc-italy-EVT-1781819265-000000122,+39263867273,IT,dc-italy,2,2026-06-18T21:47:45
dc-italy-EVT-1781819265-000000123,+39548245383,IT,dc-italy,1,2026-06-18T21:47:45
dc-italy-EVT-1781819265-000000124,+39686972282,IT,dc-italy,2,2026-06-18T21:47:45
dc-france-EVT-1781819266-000000127,+33407400849,FR,dc-france,3,2026-06-18T21:47:46
dc-france-EVT-1781819266-000000128,+33618457862,FR,dc-france,3,2026-06-18T21:47:46
dc-france-EVT-1781819266-000000129,+33592754752,FR,dc-france,3,2026-06-18T21:47:46
dc-france-EVT-1781819266-000000130,+33789614202,FR,dc-france,3,2026-06-18T21:47:46
dc-france-EVT-1781819266-000000131,+33321144178,FR,dc-france,3,2026-06-18T21:47:46
dc-france-EVT-1781819266-000000132,+33998798075,FR,dc-france,3,2026-06-18T21:47:46
dc-france-EVT-1781819266-000000133,+33751616410,FR,dc-france,3,2026-06-18T21:47:46
dc-france-EVT-1781819266-000000134,+33528916191,FR,dc-france,3,2026-06-18T21:47:46
dc-france-EVT-1781819266-000000135,+33739112913,FR,dc-france,1,2026-06-18T21:47:46
dc-france-EVT-1781819266-000000136,+33549707099,FR,dc-france,3,2026-06-18T21:47:46
dc-france-EVT-1781819266-000000137,+33819402309,FR,dc-france,3,2026-06-18T21:47:46
dc-france-EVT-1781819266-000000138,+33738674271,FR,dc-france,3,2026-06-18T21:47:46
dc-france-EVT-1781819266-000000139,+33677825447,FR,dc-france,3,2026-06-18T21:47:46
dc-france-EVT-1781819266-000000140,+33464809227,FR,dc-france,3,2026-06-18T21:47:46
dc-france-EVT-1781819266-000000141,+33791663396,FR,dc-france,3,2026-06-18T21:47:46
dc-france-EVT-1781819266-000000142,+33205973702,FR,dc-france,3,2026-06-18T21:47:46
dc-sweden-EVT-1781819266-000000126,+46745193788,SE,dc-sweden,3,2026-06-18T21:47:46
dc-sweden-EVT-1781819266-000000127,+46675786213,SE,dc-sweden,2,2026-06-18T21:47:46
dc-sweden-EVT-1781819266-000000128,+46270691722,SE,dc-sweden,3,2026-06-18T21:47:46
dc-sweden-EVT-1781819266-000000129,+46439688754,SE,dc-sweden,2,2026-06-18T21:47:46
dc-sweden-EVT-1781819266-000000130,+46869435318,SE,dc-sweden,3,2026-06-18T21:47:46
dc-sweden-EVT-1781819266-000000131,+46331658374,SE,dc-sweden,2,2026-06-18T21:47:46
dc-sweden-EVT-1781819266-000000132,+46513028588,SE,dc-sweden,2,2026-06-18T21:47:46
dc-sweden-EVT-1781819266-000000133,+46880606960,SE,dc-sweden,2,2026-06-18T21:47:46
dc-sweden-EVT-1781819266-000000134,+46701062632,SE,dc-sweden,3,2026-06-18T21:47:46
dc-sweden-EVT-1781819266-000000135,+46168229300,SE,dc-sweden,3,2026-06-18T21:47:46
dc-sweden-EVT-1781819266-000000136,+46178367449,SE,dc-sweden,2,2026-06-18T21:47:46
dc-sweden-EVT-1781819266-000000137,+46539687093,SE,dc-sweden,3,2026-06-18T21:47:46
dc-sweden-EVT-1781819266-000000138,+46437281578,SE,dc-sweden,3,2026-06-18T21:47:46
dc-sweden-EVT-1781819266-000000139,+46508437168,SE,dc-sweden,3,2026-06-18T21:47:46
dc-sweden-EVT-1781819266-000000140,+46703417779,SE,dc-sweden,3,2026-06-18T21:47:46
dc-sweden-EVT-1781819266-000000141,+46894572768,SE,dc-sweden,2,2026-06-18T21:47:46
dc-sweden-EVT-1781819266-000000142,+46858843136,SE,dc-sweden,3,2026-06-18T21:47:46
dc-sweden-EVT-1781819266-000000143,+46327433364,SE,dc-sweden,2,2026-06-18T21:47:46
dc-italy-EVT-1781819266-000000125,+39802497124,IT,dc-italy,1,2026-06-18T21:47:46
dc-italy-EVT-1781819266-000000126,+39418563105,IT,dc-italy,1,2026-06-18T21:47:46
dc-italy-EVT-1781819266-000000127,+39615710547,IT,dc-italy,2,2026-06-18T21:47:46
dc-italy-EVT-1781819266-000000128,+39801443202,IT,dc-italy,2,2026-06-18T21:47:46
dc-italy-EVT-1781819266-000000129,+39424635184,IT,dc-italy,2,2026-06-18T21:47:46
dc-italy-EVT-1781819266-000000130,+39334664445,IT,dc-italy,1,2026-06-18T21:47:46
dc-italy-EVT-1781819266-000000131,+39206019773,IT,dc-italy,2,2026-06-18T21:47:46
dc-italy-EVT-1781819266-000000132,+39407361716,IT,dc-italy,1,2026-06-18T21:47:46
dc-italy-EVT-1781819266-000000133,+39447184279,IT,dc-italy,2,2026-06-18T21:47:46
dc-italy-EVT-1781819266-000000134,+39355338580,IT,dc-italy,2,2026-06-18T21:47:46
dc-italy-EVT-1781819266-000000135,+39942235065,IT,dc-italy,1,2026-06-18T21:47:46
dc-italy-EVT-1781819266-000000136,+39743486888,IT,dc-italy,2,2026-06-18T21:47:46
dc-italy-EVT-1781819266-000000137,+39463682065,IT,dc-italy,2,2026-06-18T21:47:46
dc-italy-EVT-1781819266-000000138,+39516668396,IT,dc-italy,2,2026-06-18T21:47:46
dc-italy-EVT-1781819266-000000139,+39829275674,IT,dc-italy,2,2026-06-18T21:47:46
dc-italy-EVT-1781819266-000000140,+39568430204,IT,dc-italy,1,2026-06-18T21:47:46
dc-italy-EVT-1781819266-000000141,+39877127934,IT,dc-italy,2,2026-06-18T21:47:46
dc-italy-EVT-1781819266-000000142,+39602984804,IT,dc-italy,2,2026-06-18T21:47:46
dc-italy-EVT-1781819266-000000143,+39904301707,IT,dc-italy,2,2026-06-18T21:47:46
dc-italy-EVT-1781819266-000000144,+39589004615,IT,dc-italy,2,2026-06-18T21:47:46
dc-italy-EVT-1781819266-000000145,+39283226745,IT,dc-italy,2,2026-06-18T21:47:46
dc-italy-EVT-1781819266-000000146,+39385485896,IT,dc-italy,2,2026-06-18T21:47:46
dc-italy-EVT-1781819266-000000147,+39519121298,IT,dc-italy,2,2026-06-18T21:47:46
dc-france-EVT-1781819267-000000143,+33408279198,FR,dc-france,3,2026-06-18T21:47:47
dc-france-EVT-1781819267-000000144,+33310266014,FR,dc-france,3,2026-06-18T21:47:47
dc-france-EVT-1781819267-000000145,+33955416290,FR,dc-france,3,2026-06-18T21:47:47
dc-france-EVT-1781819267-000000146,+33208204718,FR,dc-france,3,2026-06-18T21:47:47
dc-france-EVT-1781819267-000000147,+33931418493,FR,dc-france,3,2026-06-18T21:47:47
dc-france-EVT-1781819267-000000148,+33536266430,FR,dc-france,3,2026-06-18T21:47:47
dc-france-EVT-1781819267-000000149,+33924763145,FR,dc-france,3,2026-06-18T21:47:47
dc-france-EVT-1781819267-000000150,+33963221446,FR,dc-france,3,2026-06-18T21:47:47
dc-france-EVT-1781819267-000000151,+33696220652,FR,dc-france,3,2026-06-18T21:47:47
dc-france-EVT-1781819267-000000152,+33600079719,FR,dc-france,3,2026-06-18T21:47:47
dc-france-EVT-1781819267-000000153,+33476324346,FR,dc-france,3,2026-06-18T21:47:47
dc-france-EVT-1781819267-000000154,+33907877715,FR,dc-france,1,2026-06-18T21:47:47
dc-france-EVT-1781819267-000000155,+33371343914,FR,dc-france,3,2026-06-18T21:47:47
dc-france-EVT-1781819267-000000156,+33813197979,FR,dc-france,1,2026-06-18T21:47:47
dc-france-EVT-1781819267-000000157,+33378938769,FR,dc-france,3,2026-06-18T21:47:47
dc-france-EVT-1781819267-000000158,+33559747392,FR,dc-france,1,2026-06-18T21:47:47
dc-france-EVT-1781819267-000000159,+33602257603,FR,dc-france,3,2026-06-18T21:47:47
dc-france-EVT-1781819267-000000160,+33446528994,FR,dc-france,3,2026-06-18T21:47:47
dc-france-EVT-1781819267-000000161,+33907082526,FR,dc-france,3,2026-06-18T21:47:47
dc-france-EVT-1781819267-000000162,+33780203215,FR,dc-france,1,2026-06-18T21:47:47
dc-france-EVT-1781819267-000000163,+33100088763,FR,dc-france,1,2026-06-18T21:47:47
dc-france-EVT-1781819267-000000164,+33410979099,FR,dc-france,3,2026-06-18T21:47:47
dc-france-EVT-1781819267-000000165,+33159723146,FR,dc-france,3,2026-06-18T21:47:47
dc-sweden-EVT-1781819267-000000144,+46623856562,SE,dc-sweden,3,2026-06-18T21:47:47
dc-sweden-EVT-1781819267-000000145,+46982668263,SE,dc-sweden,3,2026-06-18T21:47:47
dc-sweden-EVT-1781819267-000000146,+46478393843,SE,dc-sweden,3,2026-06-18T21:47:47
dc-sweden-EVT-1781819267-000000147,+46266004385,SE,dc-sweden,2,2026-06-18T21:47:47
dc-sweden-EVT-1781819267-000000148,+46552281898,SE,dc-sweden,3,2026-06-18T21:47:47
dc-sweden-EVT-1781819267-000000149,+46950783478,SE,dc-sweden,3,2026-06-18T21:47:47
dc-sweden-EVT-1781819267-000000150,+46755172111,SE,dc-sweden,2,2026-06-18T21:47:47
dc-sweden-EVT-1781819267-000000151,+46611673520,SE,dc-sweden,2,2026-06-18T21:47:47
dc-sweden-EVT-1781819267-000000152,+46446446678,SE,dc-sweden,3,2026-06-18T21:47:47
dc-sweden-EVT-1781819267-000000153,+46351131819,SE,dc-sweden,3,2026-06-18T21:47:47
dc-sweden-EVT-1781819267-000000154,+46206880144,SE,dc-sweden,2,2026-06-18T21:47:47
dc-sweden-EVT-1781819267-000000155,+46548065456,SE,dc-sweden,3,2026-06-18T21:47:47
dc-sweden-EVT-1781819267-000000156,+46815377218,SE,dc-sweden,2,2026-06-18T21:47:47
dc-sweden-EVT-1781819267-000000157,+46434112953,SE,dc-sweden,2,2026-06-18T21:47:47
dc-sweden-EVT-1781819267-000000158,+46438103835,SE,dc-sweden,2,2026-06-18T21:47:47
dc-sweden-EVT-1781819267-000000159,+46608656931,SE,dc-sweden,3,2026-06-18T21:47:47
dc-sweden-EVT-1781819267-000000160,+46797557969,SE,dc-sweden,2,2026-06-18T21:47:47
dc-sweden-EVT-1781819267-000000161,+46898372815,SE,dc-sweden,2,2026-06-18T21:47:47
dc-sweden-EVT-1781819267-000000162,+46714395500,SE,dc-sweden,2,2026-06-18T21:47:47
dc-sweden-EVT-1781819267-000000163,+46843445147,SE,dc-sweden,3,2026-06-18T21:47:47
dc-sweden-EVT-1781819267-000000164,+46632533895,SE,dc-sweden,2,2026-06-18T21:47:47
dc-sweden-EVT-1781819267-000000165,+46627323424,SE,dc-sweden,3,2026-06-18T21:47:47
dc-italy-EVT-1781819267-000000148,+39390957304,IT,dc-italy,2,2026-06-18T21:47:47
dc-italy-EVT-1781819267-000000149,+39425150007,IT,dc-italy,2,2026-06-18T21:47:47
dc-italy-EVT-1781819267-000000150,+39535552568,IT,dc-italy,2,2026-06-18T21:47:47
dc-italy-EVT-1781819267-000000151,+39336590624,IT,dc-italy,2,2026-06-18T21:47:47
dc-italy-EVT-1781819267-000000152,+39450349973,IT,dc-italy,2,2026-06-18T21:47:47
dc-italy-EVT-1781819267-000000153,+39302978683,IT,dc-italy,2,2026-06-18T21:47:47
dc-italy-EVT-1781819267-000000154,+39697767889,IT,dc-italy,2,2026-06-18T21:47:47
dc-italy-EVT-1781819267-000000155,+39752270565,IT,dc-italy,1,2026-06-18T21:47:47
dc-italy-EVT-1781819267-000000156,+39925033931,IT,dc-italy,2,2026-06-18T21:47:47
dc-italy-EVT-1781819267-000000157,+39769398703,IT,dc-italy,2,2026-06-18T21:47:47
dc-italy-EVT-1781819267-000000158,+39393845687,IT,dc-italy,2,2026-06-18T21:47:47
dc-italy-EVT-1781819267-000000159,+39162113873,IT,dc-italy,2,2026-06-18T21:47:47
dc-italy-EVT-1781819267-000000160,+39434723864,IT,dc-italy,1,2026-06-18T21:47:47
dc-italy-EVT-1781819267-000000161,+39898526529,IT,dc-italy,2,2026-06-18T21:47:47
dc-italy-EVT-1781819267-000000162,+39525551374,IT,dc-italy,2,2026-06-18T21:47:47
dc-italy-EVT-1781819267-000000163,+39446307019,IT,dc-italy,1,2026-06-18T21:47:47
dc-italy-EVT-1781819267-000000164,+39545464988,IT,dc-italy,1,2026-06-18T21:47:47
dc-france-EVT-1781819268-000000166,+33280733662,FR,dc-france,3,2026-06-18T21:47:48
dc-sweden-EVT-1781819268-000000166,+46533766780,SE,dc-sweden,3,2026-06-18T21:47:48
dc-italy-EVT-1781819268-000000165,+39824123554,IT,dc-italy,1,2026-06-18T21:47:48
dc-france-EVT-1781819269-000000167,+33287175237,FR,dc-france,3,2026-06-18T21:47:49
dc-sweden-EVT-1781819269-000000167,+46350200146,SE,dc-sweden,3,2026-06-18T21:47:49
dc-italy-EVT-1781819269-000000166,+39401482027,IT,dc-italy,1,2026-06-18T21:47:49
